id,first_name,last_name,email,gender,ip_address
1,Juan,Little,jlittle0@businessinsider.com,Male,163.88.33.173
2,Mark,Romero,mromero1@sina.com.cn,Male,17.49.188.105
3,Raymond,Martinez,rmartinez2@a8.net,Male,107.34.42.146
4,Gary,Reynolds,greynolds3@gmpg.org,Male,183.93.186.155
5,Kelly,Freeman,kfreeman4@fc2.com,Female,50.131.41.184
6,Pamela,Hill,phill5@example.com,Female,145.203.76.162
7,Jack,Carr,jcarr6@cornell.edu,Male,176.232.197.155
8,Jonathan,Ellis,jellis7@pbs.org,Male,7.187.71.23
9,Nicholas,Burns,nburns8@de.vu,Male,82.59.240.246
10,Mark,Rose,mrose9@dot.gov,Male,208.178.140.7
11,Susan,Gordon,sgordona@youtube.com,Female,230.114.12.218
12,Ruth,Clark,rclarkb@fastcompany.com,Female,124.177.136.0
13,Julie,Martin,jmartinc@tmall.com,Female,141.81.0.162
14,Henry,Lawrence,hlawrenced@cisco.com,Male,96.107.195.116
15,Marie,Mendoza,mmendozae@cbc.ca,Female,231.143.43.31
16,Mary,Bell,mbellf@kickstarter.com,Female,165.249.130.209
17,Richard,Gomez,rgomezg@chron.com,Male,82.252.93.80
18,Mildred,Ortiz,mortizh@icio.us,Female,44.241.139.45
19,Heather,King,hkingi@about.me,Female,37.64.150.143
20,Gerald,Hunter,ghunterj@acquirethisname.com,Male,82.111.202.73
21,Martha,Hunter,mhunterk@amazonaws.com,Female,70.239.222.40
22,Roy,Owens,rowensl@mediafire.com,Male,66.1.181.216
23,Wayne,Hicks,whicksm@youku.com,Male,82.2.233.157
24,Christine,Andrews,candrewsn@mozilla.org,Female,218.131.226.115
25,Robin,Larson,rlarsono@parallels.com,Female,34.145.253.40
26,Deborah,Montgomery,dmontgomeryp@senate.gov,Female,109.124.105.24
27,Jesse,James,jjamesq@tumblr.com,Male,20.102.71.65
28,Eugene,Baker,ebakerr@whitehouse.gov,Male,214.146.192.98
29,Terry,Mills,tmillss@yelp.com,Male,196.19.112.216
30,Thomas,Woods,twoodst@chronoengine.com,Male,103.206.70.255
31,James,Howell,jhowellu@weibo.com,Male,148.97.42.17
32,Sara,Robertson,srobertsonv@usa.gov,Female,187.38.212.35
33,Larry,Flores,lfloresw@cornell.edu,Male,108.50.172.104
34,Emily,Garcia,egarciax@simplemachines.org,Female,143.52.127.254
35,Joshua,Bradley,jbradleyy@t.co,Male,42.240.56.95
36,Jerry,Hanson,jhansonz@moonfruit.com,Male,193.186.153.130
37,Willie,Scott,wscott10@miibeian.gov.cn,Male,24.41.76.69
38,Earl,Wilson,ewilson11@wikimedia.org,Male,39.174.38.195
39,Benjamin,Griffin,bgriffin12@photobucket.com,Male,228.195.198.8
40,Antonio,Flores,aflores13@businesswire.com,Male,98.221.240.150
41,Sarah,Perez,sperez14@sciencedaily.com,Female,40.245.115.146
42,Denise,Jones,djones15@bluehost.com,Female,76.151.161.173
43,Annie,Adams,aadams16@cargocollective.com,Female,28.199.188.252
44,Joyce,Hanson,jhanson17@google.fr,Female,49.3.254.241
45,Kathryn,Bennett,kbennett18@soundcloud.com,Female,67.133.232.60
46,Kathleen,Wells,kwells19@facebook.com,Female,91.69.230.153
47,Julie,Jones,jjones1a@blog.com,Female,118.184.160.223
48,Billy,King,bking1b@csmonitor.com,Male,62.40.184.194
49,Jeffrey,Nelson,jnelson1c@trellian.com,Male,240.97.229.186
50,Lillian,Scott,lscott1d@wp.com,Female,135.21.20.7
51,Albert,Ford,aford1e@feedburner.com,Male,185.144.215.36
52,Steven,Gardner,sgardner1f@google.com.au,Male,28.209.114.3
53,Lori,Davis,ldavis1g@pinterest.com,Female,149.192.151.153
54,Harry,Wheeler,hwheeler1h@foxnews.com,Male,200.12.213.125
55,Julia,Myers,jmyers1i@istockphoto.com,Female,185.239.50.208
56,Raymond,Gonzales,rgonzales1j@un.org,Male,73.135.208.93
57,Kevin,Morrison,kmorrison1k@liveinternet.ru,Male,119.32.172.186
58,Maria,Simpson,msimpson1l@timesonline.co.uk,Female,59.31.120.227
59,Alan,Kelley,akelley1m@ask.com,Male,87.96.201.78
60,Nancy,Rice,nrice1n@etsy.com,Female,93.19.79.154
61,Brian,Thompson,bthompson1o@ucla.edu,Male,204.189.97.122
62,Craig,Morales,cmorales1p@thetimes.co.uk,Male,240.188.228.205
63,Matthew,Parker,mparker1q@theguardian.com,Male,9.39.241.166
64,Melissa,Brooks,mbrooks1r@miitbeian.gov.cn,Female,95.50.132.120
65,Antonio,Jordan,ajordan1s@psu.edu,Male,9.226.113.225
66,Ronald,Robinson,rrobinson1t@reference.com,Male,231.105.228.46
67,Martin,Allen,mallen1u@va.gov,Male,111.60.44.106
68,Victor,Johnson,vjohnson1v@cyberchimps.com,Male,116.42.201.42
69,Daniel,Wallace,dwallace1w@reverbnation.com,Male,171.100.181.140
70,Maria,Duncan,mduncan1x@dion.ne.jp,Female,108.39.195.221
71,Stephanie,Palmer,spalmer1y@chronoengine.com,Female,39.171.150.173
72,Mildred,Walker,mwalker1z@people.com.cn,Female,190.167.40.59
73,Terry,Lawrence,tlawrence20@java.com,Male,199.141.105.23
74,Randy,Stephens,rstephens21@hc360.com,Male,148.220.252.48
75,Jonathan,Grant,jgrant22@engadget.com,Male,120.135.235.240
76,Ralph,Day,rday23@rediff.com,Male,16.46.213.23
77,Christine,Oliver,coliver24@hhs.gov,Female,74.79.34.13
78,Victor,Dean,vdean25@g.co,Male,136.55.138.145
79,Clarence,Arnold,carnold26@ifeng.com,Male,61.34.192.127
80,Daniel,Howell,dhowell27@goo.gl,Male,251.69.36.224
81,Thomas,Ortiz,tortiz28@xing.com,Male,8.165.40.27
82,Kelly,Myers,kmyers29@cafepress.com,Female,156.107.247.193
83,Russell,Ellis,rellis2a@loc.gov,Male,114.42.71.151
84,Rose,Bradley,rbradley2b@umich.edu,Female,216.190.34.226
85,Kathleen,Jenkins,kjenkins2c@upenn.edu,Female,15.100.126.20
86,Jacqueline,Fisher,jfisher2d@jigsy.com,Female,50.67.184.103
87,Donna,Simmons,dsimmons2e@disqus.com,Female,133.161.243.28
88,Shirley,Fernandez,sfernandez2f@123-reg.co.uk,Female,56.182.130.228
89,Shawn,Morgan,smorgan2g@flavors.me,Male,174.97.48.80
90,Lori,Hunter,lhunter2h@list-manage.com,Female,102.244.108.232
91,Theresa,Garza,tgarza2i@ocn.ne.jp,Female,224.206.132.111
92,Richard,Willis,rwillis2j@paginegialle.it,Male,130.233.137.177
93,Shirley,Welch,swelch2k@technorati.com,Female,238.115.168.87
94,Steve,Carter,scarter2l@cmu.edu,Male,70.163.184.95
95,Lillian,Hart,lhart2m@ifeng.com,Female,180.55.149.34
96,Margaret,Thomas,mthomas2n@census.gov,Female,133.211.230.53
97,Todd,Sanchez,tsanchez2o@bigcartel.com,Male,124.170.50.27
98,Karen,Frazier,kfrazier2p@w3.org,Female,24.9.53.31
99,Heather,Garza,hgarza2q@wordpress.org,Female,97.95.56.96
100,Rebecca,Cruz,rcruz2r@rambler.ru,Female,9.226.16.97
101,Marilyn,Edwards,medwards2s@sourceforge.net,Female,165.239.180.88
102,Lillian,Oliver,loliver2t@t.co,Female,62.252.114.29
103,Alan,Willis,awillis2u@google.com.hk,Male,98.182.29.221
104,Betty,Andrews,bandrews2v@booking.com,Female,107.197.36.23
105,Donald,Sims,dsims2w@smugmug.com,Male,16.114.168.26
106,James,Burke,jburke2x@google.co.uk,Male,233.141.222.126
107,Ernest,Olson,eolson2y@nbcnews.com,Male,86.206.233.97
108,Linda,Dixon,ldixon2z@usatoday.com,Female,41.80.191.134
109,Frank,Powell,fpowell30@webeden.co.uk,Male,6.193.225.167
110,Jason,Harrison,jharrison31@techcrunch.com,Male,156.82.17.224
111,Walter,Hart,whart32@shop-pro.jp,Male,94.167.101.215
112,Nicholas,Richardson,nrichardson33@angelfire.com,Male,97.247.250.217
113,Harry,Schmidt,hschmidt34@google.it,Male,18.113.161.135
114,Joshua,Ryan,jryan35@wired.com,Male,97.43.78.170
115,Willie,Frazier,wfrazier36@ycombinator.com,Male,244.89.20.29
116,Cheryl,Wilson,cwilson37@berkeley.edu,Female,234.41.154.10
117,Craig,Henderson,chenderson38@youtu.be,Male,52.212.36.36
118,Linda,Adams,ladams39@meetup.com,Female,15.65.111.21
119,Wanda,Banks,wbanks3a@sogou.com,Female,139.243.5.40
120,Anne,Diaz,adiaz3b@chicagotribune.com,Female,141.254.124.81
121,Carl,Ramirez,cramirez3c@chicagotribune.com,Male,255.185.89.248
122,Chris,Brooks,cbrooks3d@lulu.com,Male,72.162.122.228
123,Diane,Duncan,dduncan3e@issuu.com,Female,55.33.181.207
124,Carlos,Simmons,csimmons3f@uiuc.edu,Male,80.251.190.22
125,Patrick,Richards,prichards3g@independent.co.uk,Male,58.246.127.7
126,Andrew,Murphy,amurphy3h@geocities.com,Male,216.103.20.47
127,Shirley,Rogers,srogers3i@fotki.com,Female,137.95.201.130
128,Paula,Gilbert,pgilbert3j@umn.edu,Female,70.193.122.145
129,Earl,Hall,ehall3k@cdbaby.com,Male,209.142.62.78
130,Judith,Ray,jray3l@newyorker.com,Female,98.1.135.202
131,Sharon,Porter,sporter3m@seesaa.net,Female,51.222.180.226
132,Theresa,Wilson,twilson3n@4shared.com,Female,42.47.144.169
133,Carol,Fields,cfields3o@nature.com,Female,84.169.146.162
134,Judy,Roberts,jroberts3p@vistaprint.com,Female,198.122.230.85
135,Victor,Hart,vhart3q@jimdo.com,Male,26.109.216.87
136,Michael,Hughes,mhughes3r@newsvine.com,Male,191.244.41.34
137,Wayne,Ellis,wellis3s@multiply.com,Male,167.6.80.157
138,Mark,Frazier,mfrazier3t@loc.gov,Male,124.157.169.175
139,Chris,Rodriguez,crodriguez3u@gravatar.com,Male,116.133.81.66
140,Jerry,Willis,jwillis3v@livejournal.com,Male,207.230.196.15
141,Lori,Jenkins,ljenkins3w@dailymail.co.uk,Female,245.145.155.157
142,Laura,Wagner,lwagner3x@wsj.com,Female,151.141.220.102
143,Steve,Mccoy,smccoy3y@123-reg.co.uk,Male,71.182.34.91
144,Karen,Gray,kgray3z@github.io,Female,120.188.245.195
145,Linda,Moreno,lmoreno40@timesonline.co.uk,Female,254.23.128.94
146,Joshua,Edwards,jedwards41@privacy.gov.au,Male,199.94.98.73
147,Charles,Reynolds,creynolds42@webnode.com,Male,127.46.70.101
148,Dorothy,George,dgeorge43@ezinearticles.com,Female,138.233.86.25
149,Cheryl,Hudson,chudson44@w3.org,Female,15.11.100.117
150,Karen,Hall,khall45@gmpg.org,Female,55.176.182.99
151,Joseph,Anderson,janderson46@shop-pro.jp,Male,118.11.14.2
152,Ronald,Phillips,rphillips47@google.ca,Male,242.224.198.208
153,Amanda,Harrison,aharrison48@tripod.com,Female,236.15.228.27
154,Justin,Sullivan,jsullivan49@businesswire.com,Male,220.110.97.127
155,Nancy,Green,ngreen4a@hao123.com,Female,224.63.85.233
156,Marie,Wright,mwright4b@harvard.edu,Female,142.77.236.107
157,Katherine,Bailey,kbailey4c@wsj.com,Female,99.148.33.217
158,Kathy,Miller,kmiller4d@prnewswire.com,Female,130.125.57.17
159,Lois,Little,llittle4e@webnode.com,Female,96.4.57.24
160,Lillian,Harper,lharper4f@princeton.edu,Female,147.155.84.62
161,Gerald,Young,gyoung4g@vkontakte.ru,Male,161.238.69.220
162,Benjamin,Clark,bclark4h@gmpg.org,Male,17.171.22.135
163,Dennis,Tucker,dtucker4i@usnews.com,Male,140.139.108.105
164,Betty,Woods,bwoods4j@pbs.org,Female,223.58.67.255
165,Peter,Myers,pmyers4k@usatoday.com,Male,200.112.198.243
166,Cynthia,Cruz,ccruz4l@psu.edu,Female,202.159.83.168
167,Cheryl,Diaz,cdiaz4m@squarespace.com,Female,97.202.67.94
168,Kathleen,Wallace,kwallace4n@histats.com,Female,85.76.78.46
169,Annie,Tucker,atucker4o@google.es,Female,125.39.246.80
170,Lois,Ross,lross4p@moonfruit.com,Female,210.49.53.185
171,Joe,Meyer,jmeyer4q@surveymonkey.com,Male,146.195.242.56
172,Kathy,Cunningham,kcunningham4r@va.gov,Female,44.181.105.12
173,Jack,King,jking4s@jalbum.net,Male,60.210.135.254
174,Thomas,Turner,tturner4t@tinypic.com,Male,183.229.79.131
175,Linda,Robertson,lrobertson4u@nih.gov,Female,244.193.111.60
176,Deborah,Palmer,dpalmer4v@google.cn,Female,167.27.70.173
177,Aaron,Henry,ahenry4w@youku.com,Male,242.147.217.178
178,Walter,Ramirez,wramirez4x@salon.com,Male,239.224.118.198
179,Gerald,Hawkins,ghawkins4y@odnoklassniki.ru,Male,15.210.199.122
180,Anna,Mills,amills4z@wikipedia.org,Female,6.133.91.71
181,Carolyn,Welch,cwelch50@icq.com,Female,91.114.136.171
182,William,Bryant,wbryant51@cdbaby.com,Male,24.72.159.131
183,Harry,Johnston,hjohnston52@google.com.hk,Male,21.231.197.231
184,Howard,Mendoza,hmendoza53@rakuten.co.jp,Male,176.113.126.70
185,Howard,Austin,haustin54@icio.us,Male,124.63.81.46
186,Christine,Kelly,ckelly55@studiopress.com,Female,79.25.26.83
187,Samuel,Bennett,sbennett56@cornell.edu,Male,31.195.158.206
188,Alice,Sims,asims57@pinterest.com,Female,24.241.205.253
189,Ronald,Hunter,rhunter58@google.com.hk,Male,245.164.52.189
190,Arthur,Stanley,astanley59@comsenz.com,Male,43.87.81.199
191,Jean,Graham,jgraham5a@pinterest.com,Female,237.214.28.222
192,Janet,Shaw,jshaw5b@e-recht24.de,Female,28.43.89.67
193,Samuel,Peters,speters5c@360.cn,Male,109.68.18.119
194,Diane,Parker,dparker5d@jugem.jp,Female,57.32.0.83
195,Ann,Lee,alee5e@mashable.com,Female,205.130.25.151
196,Diana,Evans,devans5f@nydailynews.com,Female,43.150.99.151
197,Bruce,Hanson,bhanson5g@google.fr,Male,108.190.199.208
198,Arthur,Martinez,amartinez5h@wikimedia.org,Male,233.102.252.89
199,Jerry,Coleman,jcoleman5i@51.la,Male,220.106.33.198
200,Douglas,Wright,dwright5j@privacy.gov.au,Male,55.217.216.201
201,Alice,Payne,apayne5k@yahoo.com,Female,105.254.154.43
202,Shirley,Williams,swilliams5l@vistaprint.com,Female,210.242.213.92
203,Ann,Welch,awelch5m@miibeian.gov.cn,Female,31.156.228.47
204,Jane,Ellis,jellis5n@disqus.com,Female,194.34.254.197
205,Kimberly,Scott,kscott5o@mashable.com,Female,29.136.30.170
206,Katherine,Woods,kwoods5p@ehow.com,Female,47.50.172.243
207,Cheryl,Parker,cparker5q@columbia.edu,Female,144.153.151.150
208,Mary,Griffin,mgriffin5r@desdev.cn,Female,194.195.40.60
209,Cheryl,Campbell,ccampbell5s@yellowpages.com,Female,50.34.217.211
210,Johnny,Arnold,jarnold5t@shareasale.com,Male,187.70.90.35
211,Sandra,Lynch,slynch5u@moonfruit.com,Female,70.208.163.14
212,Norma,Lynch,nlynch5v@amazonaws.com,Female,51.89.50.154
213,Anna,Elliott,aelliott5w@diigo.com,Female,151.186.202.68
214,Pamela,Sims,psims5x@marketwatch.com,Female,7.45.200.68
215,Sean,Owens,sowens5y@google.com.br,Male,207.238.235.236
216,Louise,Woods,lwoods5z@earthlink.net,Female,124.158.238.122
217,William,Parker,wparker60@ameblo.jp,Male,135.102.185.225
218,Thomas,Sanchez,tsanchez61@fastcompany.com,Male,23.16.219.84
219,Bruce,Griffin,bgriffin62@merriam-webster.com,Male,186.116.66.24
220,Ann,Burton,aburton63@tumblr.com,Female,255.122.225.64
221,Amy,Mason,amason64@spiegel.de,Female,158.110.120.219
222,Albert,Williamson,awilliamson65@people.com.cn,Male,187.174.196.117
223,Barbara,Diaz,bdiaz66@washingtonpost.com,Female,168.212.212.129
224,Shawn,Ortiz,sortiz67@hexun.com,Male,142.113.219.246
225,Irene,Sanchez,isanchez68@salon.com,Female,43.198.112.221
226,Martin,Hunter,mhunter69@weather.com,Male,131.122.36.89
227,Ruth,Peters,rpeters6a@gmpg.org,Female,67.14.205.229
228,Scott,Patterson,spatterson6b@ocn.ne.jp,Male,91.251.1.230
229,Joan,Gilbert,jgilbert6c@sciencedaily.com,Female,145.129.23.53
230,Diane,Fernandez,dfernandez6d@shareasale.com,Female,207.174.228.137
231,Brian,Hamilton,bhamilton6e@nsw.gov.au,Male,164.28.200.24
232,Kevin,Watkins,kwatkins6f@behance.net,Male,211.199.243.132
233,Angela,Hamilton,ahamilton6g@hubpages.com,Female,194.46.50.25
234,Jane,Shaw,jshaw6h@intel.com,Female,253.174.175.98
235,Patrick,Murphy,pmurphy6i@wufoo.com,Male,24.227.179.75
236,Marie,Hernandez,mhernandez6j@quantcast.com,Female,47.145.120.242
237,Alan,Washington,awashington6k@smh.com.au,Male,50.67.248.17
238,Ruth,Dean,rdean6l@netlog.com,Female,187.64.121.52
239,Rose,Burke,rburke6m@ycombinator.com,Female,62.95.192.214
240,Peter,Allen,pallen6n@drupal.org,Male,208.164.71.7
241,Adam,Andrews,aandrews6o@fc2.com,Male,183.215.31.1
242,Robert,Cruz,rcruz6p@squidoo.com,Male,211.47.157.110
243,Maria,Tucker,mtucker6q@phoca.cz,Female,255.137.194.131
244,Louise,Diaz,ldiaz6r@merriam-webster.com,Female,192.34.6.115
245,Larry,Murray,lmurray6s@shinystat.com,Male,51.48.214.198
246,Jonathan,Jenkins,jjenkins6t@businessinsider.com,Male,169.231.73.240
247,Douglas,Washington,dwashington6u@nbcnews.com,Male,40.160.98.252
248,Michael,Butler,mbutler6v@bizjournals.com,Male,180.51.7.195
249,Heather,Carroll,hcarroll6w@google.co.uk,Female,94.2.182.227
250,Denise,Walker,dwalker6x@bizjournals.com,Female,176.95.60.45
251,Doris,Perry,dperry6y@unesco.org,Female,94.78.156.114
252,Lawrence,Gibson,lgibson6z@csmonitor.com,Male,195.17.12.153
253,Benjamin,Roberts,broberts70@wired.com,Male,5.136.239.188
254,Norma,Bennett,nbennett71@google.ru,Female,158.15.95.224
255,Willie,Martin,wmartin72@yellowbook.com,Male,38.49.227.174
256,Diana,Larson,dlarson73@lycos.com,Female,14.36.118.102
257,Sarah,Mason,smason74@weather.com,Female,211.17.67.7
258,Anna,Olson,aolson75@sina.com.cn,Female,18.193.44.34
259,Bobby,Garcia,bgarcia76@aboutads.info,Male,165.235.122.129
260,Bobby,Kelly,bkelly77@nyu.edu,Male,92.193.199.117
261,Betty,Murphy,bmurphy78@goodreads.com,Female,221.7.131.36
262,Rebecca,Brown,rbrown79@va.gov,Female,22.34.26.246
263,Janice,Rose,jrose7a@paginegialle.it,Female,188.137.90.39
264,Steven,Hicks,shicks7b@shinystat.com,Male,90.117.22.128
265,Shawn,Little,slittle7c@bloglovin.com,Male,150.123.129.43
266,Albert,Walker,awalker7d@spotify.com,Male,209.84.122.137
267,Joan,Montgomery,jmontgomery7e@ifeng.com,Female,192.141.120.63
268,Juan,Lopez,jlopez7f@comsenz.com,Male,118.197.145.184
269,Carlos,Ortiz,cortiz7g@diigo.com,Male,222.143.116.126
270,Matthew,Rodriguez,mrodriguez7h@hostgator.com,Male,29.175.33.172
271,Michael,Morgan,mmorgan7i@posterous.com,Male,137.109.70.225
272,Catherine,Ford,cford7j@devhub.com,Female,65.74.78.186
273,Evelyn,Bishop,ebishop7k@taobao.com,Female,131.27.166.144
274,Karen,Gardner,kgardner7l@dropbox.com,Female,207.182.141.95
275,Walter,Nguyen,wnguyen7m@blogs.com,Male,67.185.253.115
276,Brenda,Frazier,bfrazier7n@webnode.com,Female,68.42.87.29
277,Robin,Reid,rreid7o@trellian.com,Female,198.195.84.250
278,Ernest,Romero,eromero7p@bizjournals.com,Male,201.139.4.35
279,Charles,Reid,creid7q@unesco.org,Male,252.97.113.127
280,Kathleen,Garza,kgarza7r@dailymail.co.uk,Female,90.10.45.104
281,Louise,Cunningham,lcunningham7s@mayoclinic.com,Female,5.242.115.96
282,Henry,Bradley,hbradley7t@behance.net,Male,16.233.246.14
283,Karen,Butler,kbutler7u@sun.com,Female,132.144.177.45
284,Ronald,Watson,rwatson7v@whitehouse.gov,Male,158.109.42.9
285,Deborah,Brooks,dbrooks7w@myspace.com,Female,60.71.127.74
286,Roy,White,rwhite7x@google.it,Male,117.1.111.111
287,Peter,Barnes,pbarnes7y@jugem.jp,Male,177.105.70.104
288,Melissa,Wells,mwells7z@1688.com,Female,19.5.81.48
289,Janice,Stewart,jstewart80@sbwire.com,Female,150.214.38.49
290,Louise,Long,llong81@skype.com,Female,166.139.181.241
291,George,Carpenter,gcarpenter82@homestead.com,Male,82.204.40.238
292,Robert,Evans,revans83@cbslocal.com,Male,122.89.71.51
293,Mark,Harris,mharris84@amazon.co.jp,Male,175.120.43.13
294,Russell,Smith,rsmith85@samsung.com,Male,67.23.193.223
295,Deborah,Alexander,dalexander86@cnn.com,Female,58.170.222.21
296,Dennis,Carroll,dcarroll87@amazon.co.uk,Male,9.193.80.4
297,Marie,Snyder,msnyder88@ox.ac.uk,Female,6.47.71.97
298,Diana,Howard,dhoward89@shop-pro.jp,Female,136.15.155.189
299,Eric,Hamilton,ehamilton8a@dedecms.com,Male,238.5.84.243
300,Chris,Robertson,crobertson8b@thetimes.co.uk,Male,156.55.89.8
301,Clarence,Wagner,cwagner8c@redcross.org,Male,152.235.217.72
302,Judy,Larson,jlarson8d@live.com,Female,161.196.16.95
303,Marie,Snyder,msnyder8e@nps.gov,Female,162.124.252.148
304,Eugene,Gomez,egomez8f@merriam-webster.com,Male,83.234.159.199
305,Lori,Welch,lwelch8g@nature.com,Female,239.16.173.219
306,Daniel,Olson,dolson8h@privacy.gov.au,Male,107.168.163.122
307,Chris,Fernandez,cfernandez8i@webeden.co.uk,Male,26.190.238.22
308,Juan,Parker,jparker8j@squidoo.com,Male,229.161.4.3
309,Kathleen,Hayes,khayes8k@mac.com,Female,153.20.28.241
310,Anthony,Peters,apeters8l@timesonline.co.uk,Male,216.46.39.151
311,Thomas,Harrison,tharrison8m@msu.edu,Male,30.176.133.139
312,Margaret,Andrews,mandrews8n@cbsnews.com,Female,148.237.52.220
313,Sean,Torres,storres8o@webs.com,Male,199.69.113.178
314,Mary,Bryant,mbryant8p@nytimes.com,Female,89.70.205.195
315,Joseph,Bennett,jbennett8q@si.edu,Male,132.222.128.254
316,Terry,Welch,twelch8r@yolasite.com,Male,119.252.74.167
317,Evelyn,Banks,ebanks8s@theatlantic.com,Female,30.12.224.43
318,Tina,Grant,tgrant8t@rakuten.co.jp,Female,12.24.254.14
319,Susan,Fisher,sfisher8u@soundcloud.com,Female,252.193.123.119
320,Russell,Nelson,rnelson8v@sun.com,Male,48.149.47.226
321,Matthew,Kelley,mkelley8w@usatoday.com,Male,61.211.124.158
322,Gregory,Price,gprice8x@symantec.com,Male,141.49.3.215
323,Jonathan,Scott,jscott8y@weibo.com,Male,211.85.248.162
324,Alice,Moreno,amoreno8z@aol.com,Female,1.136.117.0
325,Ralph,Schmidt,rschmidt90@dagondesign.com,Male,204.13.220.233
326,Jason,Morrison,jmorrison91@addtoany.com,Male,25.251.179.240
327,Rose,Ford,rford92@si.edu,Female,80.89.143.105
328,William,Stevens,wstevens93@bluehost.com,Male,23.18.95.253
329,Earl,Payne,epayne94@icio.us,Male,197.90.250.180
330,Johnny,Hayes,jhayes95@ox.ac.uk,Male,130.136.8.152
331,Wanda,Ross,wross96@usgs.gov,Female,163.62.44.63
332,Amanda,Montgomery,amontgomery97@ezinearticles.com,Female,90.32.135.43
333,Helen,Hunter,hhunter98@state.tx.us,Female,235.212.70.117
334,Tina,Cooper,tcooper99@liveinternet.ru,Female,213.247.132.239
335,Jerry,Mason,jmason9a@comcast.net,Male,49.7.85.139
336,Nicholas,Reed,nreed9b@google.com.hk,Male,130.179.27.186
337,Benjamin,Henry,bhenry9c@irs.gov,Male,113.143.245.166
338,Mark,Johnston,mjohnston9d@cam.ac.uk,Male,172.69.199.45
339,Jason,Lawson,jlawson9e@weibo.com,Male,50.15.149.51
340,Juan,Dunn,jdunn9f@nytimes.com,Male,204.29.56.4
341,Donald,Parker,dparker9g@wiley.com,Male,99.244.143.153
342,Denise,Edwards,dedwards9h@seesaa.net,Female,84.75.64.62
343,Matthew,King,mking9i@google.com.hk,Male,222.223.195.180
344,Lawrence,Cook,lcook9j@shinystat.com,Male,106.54.154.154
345,Antonio,Schmidt,aschmidt9k@noaa.gov,Male,137.84.111.145
346,Stephen,Fields,sfields9l@com.com,Male,132.90.147.18
347,Kathleen,Carpenter,kcarpenter9m@umich.edu,Female,247.239.183.63
348,Julia,Thompson,jthompson9n@fotki.com,Female,27.90.101.203
349,Dennis,Frazier,dfrazier9o@prweb.com,Male,154.193.216.56
350,Alice,Elliott,aelliott9p@boston.com,Female,87.226.11.37
351,Annie,Flores,aflores9q@photobucket.com,Female,190.21.39.19
352,George,Henderson,ghenderson9r@cafepress.com,Male,74.61.178.36
353,Joyce,Richards,jrichards9s@earthlink.net,Female,177.227.124.209
354,Gerald,Mendoza,gmendoza9t@merriam-webster.com,Male,130.249.86.186
355,Robin,Carr,rcarr9u@com.com,Female,242.198.126.169
356,Diana,Johnson,djohnson9v@jiathis.com,Female,238.102.220.92
357,Kenneth,Cruz,kcruz9w@epa.gov,Male,152.226.52.65
358,Edward,Austin,eaustin9x@pcworld.com,Male,41.191.230.227
359,Norma,Hawkins,nhawkins9y@technorati.com,Female,27.14.163.2
360,Emily,Williamson,ewilliamson9z@about.com,Female,114.102.143.121
361,Deborah,Garrett,dgarretta0@youtu.be,Female,125.224.29.134
362,Jack,Henderson,jhendersona1@mysql.com,Male,22.229.214.152
363,Donna,Richards,drichardsa2@amazon.com,Female,12.177.191.133
364,Teresa,Rivera,triveraa3@howstuffworks.com,Female,100.61.191.18
365,Ralph,Lopez,rlopeza4@earthlink.net,Male,47.132.225.186
366,Juan,Rodriguez,jrodrigueza5@usgs.gov,Male,117.164.207.245
367,Anthony,Sullivan,asullivana6@webs.com,Male,63.177.109.180
368,Sarah,Gomez,sgomeza7@unblog.fr,Female,15.172.194.133
369,Linda,Murphy,lmurphya8@com.com,Female,169.227.196.34
370,Jane,Cox,jcoxa9@sphinn.com,Female,144.139.131.123
371,Irene,Larson,ilarsonaa@cisco.com,Female,167.146.30.45
372,Steve,Sims,ssimsab@paypal.com,Male,199.193.26.56
373,Lillian,Hudson,lhudsonac@issuu.com,Female,244.98.75.200
374,Jennifer,Murray,jmurrayad@squidoo.com,Female,225.30.114.155
375,Emily,Perkins,eperkinsae@ucla.edu,Female,251.45.100.142
376,Martin,White,mwhiteaf@over-blog.com,Male,157.4.172.237
377,Brandon,Gray,bgrayag@youku.com,Male,104.159.153.139
378,Frank,Marshall,fmarshallah@amazon.com,Male,65.137.82.203
379,Maria,Lawrence,mlawrenceai@vkontakte.ru,Female,248.3.255.34
380,Joseph,Adams,jadamsaj@yelp.com,Male,4.209.33.60
381,Kathy,Knight,kknightak@netscape.com,Female,82.65.116.13
382,Carl,Stevens,cstevensal@liveinternet.ru,Male,115.96.199.71
383,Gerald,Larson,glarsonam@google.fr,Male,194.203.201.72
384,Paul,Scott,pscottan@oaic.gov.au,Male,132.63.59.168
385,Jesse,Bowman,jbowmanao@cocolog-nifty.com,Male,207.241.79.86
386,Nicholas,Harrison,nharrisonap@vkontakte.ru,Male,95.133.54.138
387,Susan,Roberts,srobertsaq@studiopress.com,Female,126.193.45.48
388,Billy,Ray,brayar@webnode.com,Male,153.61.254.20
389,Joe,Gonzalez,jgonzalezas@e-recht24.de,Male,110.24.14.203
390,Beverly,Martinez,bmartinezat@va.gov,Female,100.4.217.247
391,Andrew,Berry,aberryau@ebay.co.uk,Male,29.178.156.192
392,Antonio,Rodriguez,arodriguezav@furl.net,Male,100.113.137.189
393,Carlos,Mitchell,cmitchellaw@google.fr,Male,155.83.59.242
394,Teresa,Ray,trayax@intel.com,Female,96.157.180.177
395,Linda,Cruz,lcruzay@uol.com.br,Female,196.207.149.178
396,Paula,Long,plongaz@umich.edu,Female,167.209.175.250
397,Chris,Sanchez,csanchezb0@shareasale.com,Male,234.235.211.200
398,Christina,Austin,caustinb1@java.com,Female,223.226.187.239
399,Mildred,Fuller,mfullerb2@hostgator.com,Female,55.205.77.6
400,Eugene,Patterson,epattersonb3@virginia.edu,Male,179.106.99.240
401,Debra,Jackson,djacksonb4@t-online.de,Female,189.99.150.52
402,Robert,Richardson,rrichardsonb5@studiopress.com,Male,223.231.41.63
403,Anne,Taylor,ataylorb6@sitemeter.com,Female,67.244.179.91
404,Joyce,Pierce,jpierceb7@usnews.com,Female,133.62.250.211
405,Ernest,Roberts,erobertsb8@jugem.jp,Male,100.142.21.142
406,Janice,Greene,jgreeneb9@hao123.com,Female,26.6.185.241
407,Sean,Allen,sallenba@virginia.edu,Male,127.188.150.162
408,Donald,Reyes,dreyesbb@themeforest.net,Male,82.144.54.201
409,Henry,Nichols,hnicholsbc@columbia.edu,Male,215.82.23.59
410,Lori,King,lkingbd@topsy.com,Female,194.168.231.36
411,Jessica,Parker,jparkerbe@ebay.co.uk,Female,98.94.177.236
412,Sean,Bradley,sbradleybf@sfgate.com,Male,88.242.79.146
413,David,Owens,dowensbg@desdev.cn,Male,192.100.211.93
414,Keith,Patterson,kpattersonbh@wordpress.com,Male,113.160.6.71
415,Gregory,Fields,gfieldsbi@multiply.com,Male,223.51.178.12
416,Matthew,Stevens,mstevensbj@twitpic.com,Male,27.191.92.244
417,Wanda,Robinson,wrobinsonbk@sphinn.com,Female,131.89.175.176
418,Philip,Ferguson,pfergusonbl@geocities.com,Male,153.239.213.241
419,Joe,Simmons,jsimmonsbm@posterous.com,Male,115.124.26.113
420,Steven,Payne,spaynebn@lulu.com,Male,93.76.193.154
421,Kevin,Russell,krussellbo@pbs.org,Male,184.168.41.227
422,Alice,Palmer,apalmerbp@mapy.cz,Female,67.172.156.108
423,Nancy,Chavez,nchavezbq@google.it,Female,11.193.35.71
424,Richard,Elliott,relliottbr@slate.com,Male,177.106.53.153
425,Louis,Russell,lrussellbs@indiatimes.com,Male,220.100.233.245
426,Theresa,Perez,tperezbt@posterous.com,Female,112.6.134.140
427,Kelly,Bailey,kbaileybu@plala.or.jp,Female,139.28.247.32
428,Brandon,Howell,bhowellbv@mtv.com,Male,11.35.208.211
429,Ruth,Lopez,rlopezbw@bing.com,Female,68.33.246.7
430,Victor,Nelson,vnelsonbx@cmu.edu,Male,13.3.217.218
431,Irene,Carter,icarterby@devhub.com,Female,213.51.22.70
432,Stephanie,Marshall,smarshallbz@mashable.com,Female,102.198.198.12
433,Emily,Johnson,ejohnsonc0@goo.ne.jp,Female,98.26.72.53
434,Albert,Dean,adeanc1@mlb.com,Male,227.166.25.69
435,Howard,Allen,hallenc2@huffingtonpost.com,Male,6.113.88.92
436,Brian,Henderson,bhendersonc3@google.com,Male,54.148.245.166
437,Louis,Taylor,ltaylorc4@cbslocal.com,Male,221.210.20.198
438,Martin,Fields,mfieldsc5@wsj.com,Male,222.44.224.72
439,Tina,Barnes,tbarnesc6@netlog.com,Female,64.21.82.166
440,Laura,Fields,lfieldsc7@ibm.com,Female,51.182.19.203
441,Randy,Peterson,rpetersonc8@dagondesign.com,Male,58.55.67.55
442,Nicole,Evans,nevansc9@comcast.net,Female,235.109.129.207
443,Craig,Porter,cporterca@java.com,Male,252.166.197.236
444,Ashley,Cooper,acoopercb@twitpic.com,Female,27.127.8.41
445,Martin,Mills,mmillscc@aol.com,Male,182.112.242.133
446,Jeffrey,Wilson,jwilsoncd@deviantart.com,Male,193.168.33.43
447,Timothy,Kennedy,tkennedyce@last.fm,Male,167.81.129.252
448,Victor,Turner,vturnercf@delicious.com,Male,149.238.88.109
449,Sharon,Peters,speterscg@admin.ch,Female,138.107.17.16
450,Alice,Henderson,ahendersonch@twitter.com,Female,38.24.54.18
451,Andrea,Fisher,afisherci@unicef.org,Female,53.61.95.132
452,Christina,Hill,chillcj@nhs.uk,Female,48.17.59.183
453,Jane,Campbell,jcampbellck@skyrock.com,Female,6.235.91.160
454,Nicole,Robinson,nrobinsoncl@google.com.br,Female,193.94.203.113
455,Beverly,Cruz,bcruzcm@marriott.com,Female,207.21.156.197
456,James,Cooper,jcoopercn@storify.com,Male,171.88.230.255
457,Scott,Willis,swillisco@jugem.jp,Male,36.60.33.98
458,Debra,Kennedy,dkennedycp@macromedia.com,Female,237.217.48.41
459,Patricia,Stone,pstonecq@smugmug.com,Female,238.53.199.42
460,Margaret,Morris,mmorriscr@blogspot.com,Female,137.147.79.241
461,Amanda,Hansen,ahansencs@columbia.edu,Female,164.16.2.171
462,Jessica,Hanson,jhansonct@ed.gov,Female,254.121.155.15
463,Willie,Kennedy,wkennedycu@github.io,Male,121.129.49.107
464,Christine,Morgan,cmorgancv@cornell.edu,Female,242.142.252.71
465,Wayne,Cook,wcookcw@rediff.com,Male,39.40.243.148
466,Brenda,Robertson,brobertsoncx@facebook.com,Female,12.105.36.57
467,Jesse,Gonzales,jgonzalescy@shop-pro.jp,Male,34.125.214.178
468,Marie,Boyd,mboydcz@blinklist.com,Female,45.77.62.212
469,Diane,Ortiz,dortizd0@theglobeandmail.com,Female,79.3.64.211
470,Carl,Andrews,candrewsd1@amazonaws.com,Male,40.71.143.62
471,Richard,Gonzalez,rgonzalezd2@epa.gov,Male,34.200.65.181
472,Alice,Montgomery,amontgomeryd3@yahoo.co.jp,Female,10.37.203.56
473,Theresa,Fernandez,tfernandezd4@slashdot.org,Female,218.34.136.89
474,Jesse,Watson,jwatsond5@wix.com,Male,171.186.184.88
475,Norma,Evans,nevansd6@1und1.de,Female,142.134.146.217
476,Harold,Gilbert,hgilbertd7@symantec.com,Male,117.49.246.61
477,Justin,Peters,jpetersd8@psu.edu,Male,27.237.69.44
478,Paula,Lee,pleed9@vinaora.com,Female,157.121.165.175
479,Pamela,Mendoza,pmendozada@baidu.com,Female,207.181.172.211
480,Henry,Harrison,hharrisondb@goodreads.com,Male,84.66.61.175
481,Pamela,Morris,pmorrisdc@imageshack.us,Female,190.199.209.34
482,Judith,Carr,jcarrdd@netvibes.com,Female,16.42.79.224
483,Wayne,Crawford,wcrawfordde@thetimes.co.uk,Male,173.193.245.137
484,Rose,Stone,rstonedf@list-manage.com,Female,224.144.205.162
485,John,Thomas,jthomasdg@flavors.me,Male,234.16.110.101
486,Ruth,Brooks,rbrooksdh@mapy.cz,Female,24.227.112.51
487,Jose,Griffin,jgriffindi@prlog.org,Male,240.76.89.72
488,Frank,Robertson,frobertsondj@yandex.ru,Male,72.119.69.227
489,Shirley,Morris,smorrisdk@archive.org,Female,136.217.105.166
490,Katherine,Ford,kforddl@soundcloud.com,Female,59.220.182.47
491,Susan,Price,spricedm@yelp.com,Female,65.13.147.36
492,Catherine,Morgan,cmorgandn@vimeo.com,Female,219.116.128.5
493,Joe,Campbell,jcampbelldo@uiuc.edu,Male,3.141.163.21
494,Aaron,Russell,arusselldp@indiegogo.com,Male,213.56.83.217
495,Julie,Torres,jtorresdq@pinterest.com,Female,225.197.27.56
496,Kimberly,Moore,kmooredr@europa.eu,Female,215.224.127.78
497,Jeffrey,Anderson,jandersonds@godaddy.com,Male,145.253.246.194
498,Steven,Jones,sjonesdt@exblog.jp,Male,44.239.223.15
499,Christina,Flores,cfloresdu@deviantart.com,Female,242.254.115.254
500,Denise,Garza,dgarzadv@facebook.com,Female,244.139.155.18
501,Peter,Ellis,pellisdw@who.int,Male,188.88.128.238
502,Lois,Hansen,lhansendx@oaic.gov.au,Female,191.39.108.180
503,Bonnie,Wells,bwellsdy@dyndns.org,Female,91.18.26.85
504,Janice,Howell,jhowelldz@moonfruit.com,Female,6.7.35.112
505,Ronald,Reid,rreide0@youku.com,Male,63.76.8.33
506,Jennifer,Harvey,jharveye1@nyu.edu,Female,153.177.5.165
507,Jennifer,Watson,jwatsone2@weibo.com,Female,231.176.176.239
508,Randy,Reynolds,rreynoldse3@ifeng.com,Male,252.43.172.70
509,Frank,Matthews,fmatthewse4@china.com.cn,Male,10.69.57.33
510,Benjamin,Sanders,bsanderse5@dyndns.org,Male,99.106.36.200
511,Jimmy,Ellis,jellise6@loc.gov,Male,196.196.242.150
512,Heather,Gilbert,hgilberte7@t-online.de,Female,243.38.78.108
513,Russell,Willis,rwillise8@statcounter.com,Male,136.84.182.200
514,Sean,Johnston,sjohnstone9@hubpages.com,Male,8.43.9.23
515,Bruce,Fowler,bfowlerea@mozilla.org,Male,74.182.222.244
516,Christine,Hanson,chansoneb@house.gov,Female,102.67.228.253
517,Joyce,Green,jgreenec@msn.com,Female,241.113.150.177
518,Carlos,Harper,charpered@freewebs.com,Male,139.72.144.134
519,Ryan,Daniels,rdanielsee@narod.ru,Male,181.18.116.96
520,Henry,Freeman,hfreemanef@weebly.com,Male,212.197.41.186
521,Peter,Hamilton,phamiltoneg@a8.net,Male,219.51.217.172
522,Annie,Bowman,abowmaneh@reddit.com,Female,136.68.82.200
523,Ralph,Boyd,rboydei@patch.com,Male,33.152.108.155
524,Steve,Wagner,swagnerej@nifty.com,Male,79.89.150.170
525,Robert,Barnes,rbarnesek@dagondesign.com,Male,120.2.215.76
526,Willie,Bailey,wbaileyel@disqus.com,Male,243.91.211.81
527,Sarah,Morgan,smorganem@harvard.edu,Female,184.166.1.119
528,Brenda,Jones,bjonesen@comsenz.com,Female,9.100.150.202
529,Kevin,Rogers,krogerseo@istockphoto.com,Male,129.127.203.32
530,Dennis,Mason,dmasonep@webeden.co.uk,Male,58.157.159.70
531,Carol,Kelly,ckellyeq@chicagotribune.com,Female,49.175.123.228
532,Nicholas,Knight,nknighter@slideshare.net,Male,150.154.112.81
533,Gloria,Campbell,gcampbelles@bigcartel.com,Female,84.233.193.130
534,Scott,Myers,smyerset@npr.org,Male,169.195.21.67
535,Randy,Carr,rcarreu@yolasite.com,Male,173.178.184.90
536,Andrew,Perkins,aperkinsev@arstechnica.com,Male,55.106.99.234
537,Nancy,Murray,nmurrayew@slideshare.net,Female,3.227.106.58
538,Timothy,Knight,tknightex@businessinsider.com,Male,51.124.116.47
539,Christina,Hicks,chicksey@cafepress.com,Female,87.207.74.97
540,Linda,Ferguson,lfergusonez@usgs.gov,Female,192.235.35.189
541,Susan,Moore,smooref0@house.gov,Female,98.178.22.244
542,Wanda,Lawson,wlawsonf1@hatena.ne.jp,Female,194.254.134.4
543,Jeffrey,Reynolds,jreynoldsf2@constantcontact.com,Male,72.43.80.106
544,Patrick,Martinez,pmartinezf3@weibo.com,Male,100.70.118.69
545,Emily,Morrison,emorrisonf4@gravatar.com,Female,120.57.43.173
546,Teresa,Murphy,tmurphyf5@tiny.cc,Female,79.98.79.162
547,Dorothy,Patterson,dpattersonf6@fastcompany.com,Female,138.139.202.22
548,Samuel,Cunningham,scunninghamf7@wordpress.com,Male,15.97.76.126
549,Timothy,Jones,tjonesf8@newyorker.com,Male,15.19.167.246
550,Earl,Hicks,ehicksf9@bluehost.com,Male,136.211.27.74
551,Laura,Dean,ldeanfa@altervista.org,Female,97.236.176.66
552,Andrew,Medina,amedinafb@walmart.com,Male,78.216.89.124
553,Christine,Wagner,cwagnerfc@shareasale.com,Female,182.68.231.230
554,Peter,Duncan,pduncanfd@ask.com,Male,35.235.107.168
555,Roy,Johnston,rjohnstonfe@shareasale.com,Male,36.55.29.35
556,Norma,Flores,nfloresff@rambler.ru,Female,123.11.79.36
557,Philip,Smith,psmithfg@ucoz.ru,Male,107.167.62.19
558,Dennis,Collins,dcollinsfh@java.com,Male,128.240.90.116
559,Gary,Nichols,gnicholsfi@archive.org,Male,188.137.53.66
560,Joan,Peterson,jpetersonfj@purevolume.com,Female,103.76.112.53
561,Debra,Riley,drileyfk@dyndns.org,Female,60.231.73.195
562,Scott,Jenkins,sjenkinsfl@statcounter.com,Male,105.104.88.147
563,Louis,Johnston,ljohnstonfm@furl.net,Male,188.42.196.100
564,Julia,Chapman,jchapmanfn@devhub.com,Female,20.105.41.45
565,Carlos,Foster,cfosterfo@dropbox.com,Male,215.150.3.239
566,Andrea,Mills,amillsfp@cmu.edu,Female,208.49.135.138
567,Irene,Montgomery,imontgomeryfq@newyorker.com,Female,158.13.93.100
568,Janet,Robertson,jrobertsonfr@reference.com,Female,25.15.51.246
569,Phyllis,Howell,phowellfs@mayoclinic.com,Female,37.185.81.229
570,Jane,Roberts,jrobertsft@ibm.com,Female,252.236.92.242
571,Charles,Clark,cclarkfu@e-recht24.de,Male,207.162.224.192
572,Nicole,Gomez,ngomezfv@smh.com.au,Female,250.52.86.172
573,Victor,Daniels,vdanielsfw@freewebs.com,Male,175.191.156.105
574,Ruth,Clark,rclarkfx@godaddy.com,Female,91.34.132.6
575,Irene,Elliott,ielliottfy@topsy.com,Female,96.143.141.185
576,Mark,Smith,msmithfz@vk.com,Male,162.199.72.49
577,Carl,Sanders,csandersg0@google.pl,Male,164.220.225.42
578,Richard,Fuller,rfullerg1@hostgator.com,Male,16.144.247.103
579,Phillip,Arnold,parnoldg2@cbc.ca,Male,30.110.104.140
580,Matthew,Wagner,mwagnerg3@google.nl,Male,0.23.77.189
581,Ashley,Mitchell,amitchellg4@stumbleupon.com,Female,23.180.141.156
582,Matthew,Williams,mwilliamsg5@tripod.com,Male,185.11.151.130
583,Rachel,Austin,rausting6@cnn.com,Female,95.52.31.105
584,Marie,Hughes,mhughesg7@hc360.com,Female,132.139.132.88
585,Chris,Fowler,cfowlerg8@istockphoto.com,Male,102.121.10.242
586,Joan,Taylor,jtaylorg9@ftc.gov,Female,45.221.3.216
587,Fred,Bryant,fbryantga@rediff.com,Male,176.128.146.216
588,Nicholas,Weaver,nweavergb@washingtonpost.com,Male,189.68.231.5
589,Keith,Spencer,kspencergc@blogs.com,Male,114.173.230.232
590,Gregory,Johnson,gjohnsongd@discovery.com,Male,123.75.255.198
591,Virginia,Rivera,vriverage@cloudflare.com,Female,152.152.12.198
592,Robin,West,rwestgf@hostgator.com,Female,148.5.111.54
593,Ashley,Sims,asimsgg@cbslocal.com,Female,80.99.83.145
594,Joshua,Lewis,jlewisgh@a8.net,Male,232.201.194.204
595,Howard,Dunn,hdunngi@merriam-webster.com,Male,229.59.185.78
596,Ronald,Fisher,rfishergj@edublogs.org,Male,206.157.251.86
597,Jimmy,Grant,jgrantgk@sohu.com,Male,171.176.133.186
598,Billy,Ryan,bryangl@reverbnation.com,Male,185.52.149.93
599,Elizabeth,Watkins,ewatkinsgm@example.com,Female,58.82.255.52
600,Teresa,Butler,tbutlergn@hibu.com,Female,206.12.235.10
601,Annie,Hayes,ahayesgo@harvard.edu,Female,27.98.61.229
602,Gary,Simpson,gsimpsongp@stanford.edu,Male,151.226.199.84
603,Mildred,Martinez,mmartinezgq@creativecommons.org,Female,85.102.82.24
604,Amy,Foster,afostergr@xing.com,Female,37.55.176.225
605,Debra,Mason,dmasongs@prweb.com,Female,221.17.95.22
606,Terry,Lee,tleegt@chron.com,Male,122.126.138.128
607,Jennifer,Oliver,jolivergu@sciencedirect.com,Female,162.221.212.47
608,Terry,Hayes,thayesgv@soup.io,Male,52.237.143.238
609,Gregory,Burke,gburkegw@auda.org.au,Male,9.142.218.89
610,Rachel,Ramirez,rramirezgx@yahoo.com,Female,192.203.212.252
611,Diane,Murray,dmurraygy@tuttocitta.it,Female,89.245.194.44
612,Eric,Williams,ewilliamsgz@cmu.edu,Male,161.177.173.117
613,Frank,Lawson,flawsonh0@irs.gov,Male,104.229.180.90
614,Antonio,Myers,amyersh1@xinhuanet.com,Male,230.255.216.196
615,Keith,Montgomery,kmontgomeryh2@nationalgeographic.com,Male,224.67.43.215
616,Stephanie,Hansen,shansenh3@mit.edu,Female,33.243.255.193
617,Howard,Reyes,hreyesh4@yellowbook.com,Male,57.159.184.8
618,Steven,Duncan,sduncanh5@hibu.com,Male,20.182.150.30
619,Judy,Ray,jrayh6@reddit.com,Female,234.211.2.111
620,Roger,Hanson,rhansonh7@timesonline.co.uk,Male,209.12.167.219
621,Steve,Reid,sreidh8@google.es,Male,215.147.29.148
622,Billy,Patterson,bpattersonh9@msn.com,Male,198.136.237.132
623,Albert,Watson,awatsonha@gnu.org,Male,86.2.231.189
624,Michael,Bailey,mbaileyhb@ucoz.ru,Male,100.227.230.157
625,Charles,Ellis,cellishc@zimbio.com,Male,157.80.128.73
626,Lori,Webb,lwebbhd@paginegialle.it,Female,196.193.73.224
627,Carol,Fuller,cfullerhe@admin.ch,Female,154.35.151.122
628,Steve,Kim,skimhf@miibeian.gov.cn,Male,5.167.84.156
629,Linda,Robinson,lrobinsonhg@tinypic.com,Female,77.93.61.223
630,Jerry,Reed,jreedhh@google.com.br,Male,72.18.166.45
631,Lillian,West,lwesthi@hhs.gov,Female,6.135.130.165
632,Alan,Williams,awilliamshj@shinystat.com,Male,177.247.220.189
633,Ashley,Rose,arosehk@w3.org,Female,99.43.149.252
634,Richard,Rose,rrosehl@simplemachines.org,Male,179.220.5.40
635,Wanda,Thomas,wthomashm@dedecms.com,Female,142.97.218.63
636,Patricia,Price,ppricehn@bandcamp.com,Female,63.189.22.250
637,Walter,Morris,wmorrisho@bloglovin.com,Male,243.117.209.208
638,Thomas,Nelson,tnelsonhp@livejournal.com,Male,112.213.134.175
639,Phillip,Ross,prosshq@hexun.com,Male,220.247.183.164
640,Kimberly,Elliott,kelliotthr@tumblr.com,Female,198.177.211.209
641,Pamela,Wallace,pwallacehs@merriam-webster.com,Female,148.195.230.182
642,Gary,Wright,gwrightht@va.gov,Male,152.219.239.167
643,Irene,Romero,iromerohu@de.vu,Female,96.187.243.30
644,Ryan,Gonzalez,rgonzalezhv@cdc.gov,Male,210.150.92.253
645,Wanda,Rivera,wriverahw@ted.com,Female,184.53.242.117
646,Kevin,Simmons,ksimmonshx@quantcast.com,Male,197.119.247.228
647,Annie,George,ageorgehy@twitpic.com,Female,125.164.194.89
648,Virginia,Hudson,vhudsonhz@blogspot.com,Female,146.23.176.205
649,Sharon,Ramos,sramosi0@about.me,Female,151.171.29.101
650,Willie,Cole,wcolei1@blogspot.com,Male,107.89.242.170
651,Kevin,Simpson,ksimpsoni2@amazon.de,Male,221.227.179.95
652,Ernest,Wagner,ewagneri3@newsvine.com,Male,162.239.238.19
653,Harold,Weaver,hweaveri4@hostgator.com,Male,118.189.4.114
654,Clarence,Medina,cmedinai5@cnn.com,Male,209.69.170.240
655,Henry,Mendoza,hmendozai6@cbc.ca,Male,221.255.157.53
656,Ruby,Ramos,rramosi7@youtube.com,Female,234.204.80.79
657,Jerry,Lee,jleei8@amazon.co.uk,Male,68.75.251.240
658,Julia,Young,jyoungi9@yahoo.co.jp,Female,163.239.93.196
659,Anna,Perry,aperryia@apple.com,Female,156.22.106.219
660,Mary,Willis,mwillisib@businesswire.com,Female,77.63.67.78
661,Angela,Castillo,acastilloic@clickbank.net,Female,219.248.232.104
662,Carolyn,Bryant,cbryantid@washingtonpost.com,Female,51.239.21.70
663,Tammy,Marshall,tmarshallie@de.vu,Female,224.94.152.236
664,Catherine,Parker,cparkerif@tmall.com,Female,7.157.86.179
665,Virginia,Frazier,vfrazierig@gravatar.com,Female,115.139.201.7
666,Lillian,Graham,lgrahamih@arstechnica.com,Female,57.133.229.182
667,Lawrence,Murray,lmurrayii@blogger.com,Male,253.51.60.212
668,Jimmy,Payne,jpayneij@cbsnews.com,Male,11.94.170.204
669,Rebecca,Berry,rberryik@craigslist.org,Female,67.100.246.89
670,Henry,Gardner,hgardneril@github.io,Male,97.215.199.31
671,Barbara,Little,blittleim@independent.co.uk,Female,244.205.47.209
672,Judith,Thomas,jthomasin@phpbb.com,Female,210.53.63.118
673,Albert,Morrison,amorrisonio@sogou.com,Male,217.104.120.13
674,Willie,Washington,wwashingtonip@ucoz.ru,Male,252.122.16.123
675,Mark,Flores,mfloresiq@bloglines.com,Male,20.94.254.86
676,Howard,Hill,hhillir@si.edu,Male,62.6.50.56
677,Craig,Robinson,crobinsonis@nhs.uk,Male,227.236.0.153
678,Jennifer,Mills,jmillsit@psu.edu,Female,251.128.96.149
679,Timothy,Gray,tgrayiu@google.nl,Male,238.238.201.204
680,Karen,Stone,kstoneiv@discovery.com,Female,36.29.188.49
681,Jonathan,Cunningham,jcunninghamiw@webmd.com,Male,48.94.138.68
682,Martin,Armstrong,marmstrongix@discovery.com,Male,172.24.215.34
683,Eugene,Murphy,emurphyiy@sphinn.com,Male,13.16.192.5
684,Patricia,Hunter,phunteriz@ovh.net,Female,223.135.110.133
685,Sarah,Wallace,swallacej0@whitehouse.gov,Female,112.35.249.201
686,Gregory,Williamson,gwilliamsonj1@dyndns.org,Male,192.208.170.174
687,Anne,Harvey,aharveyj2@wordpress.com,Female,161.41.242.185
688,Ronald,Fox,rfoxj3@booking.com,Male,39.167.35.101
689,Mark,Ford,mfordj4@twitter.com,Male,78.241.230.23
690,Sandra,Gibson,sgibsonj5@nih.gov,Female,96.39.195.17
691,Fred,Shaw,fshawj6@slashdot.org,Male,83.190.212.74
692,Rachel,Lopez,rlopezj7@toplist.cz,Female,185.188.5.120
693,Lois,Lawson,llawsonj8@foxnews.com,Female,108.113.200.160
694,Norma,Robertson,nrobertsonj9@addtoany.com,Female,72.102.9.149
695,Debra,Moreno,dmorenoja@xinhuanet.com,Female,77.212.146.229
696,Antonio,Bryant,abryantjb@infoseek.co.jp,Male,168.201.72.51
697,Janet,Washington,jwashingtonjc@wix.com,Female,156.18.237.98
698,Shirley,Spencer,sspencerjd@netscape.com,Female,130.163.127.141
699,Earl,Turner,eturnerje@addtoany.com,Male,210.247.227.128
700,Donald,Robertson,drobertsonjf@bbb.org,Male,167.218.16.199
701,Julie,Austin,jaustinjg@state.gov,Female,5.98.170.120
702,Raymond,Riley,rrileyjh@nydailynews.com,Male,21.3.182.69
703,Lois,Pierce,lpierceji@blog.com,Female,216.72.165.10
704,Donna,Anderson,dandersonjj@spiegel.de,Female,248.73.138.184
705,Tina,Arnold,tarnoldjk@cam.ac.uk,Female,113.70.111.181
706,Virginia,Kim,vkimjl@earthlink.net,Female,229.228.149.0
707,Robin,Sanders,rsandersjm@huffingtonpost.com,Female,118.45.23.99
708,Susan,Stephens,sstephensjn@globo.com,Female,189.200.116.150
709,Judith,Campbell,jcampbelljo@mtv.com,Female,62.203.174.27
710,Phyllis,Harper,pharperjp@sun.com,Female,111.115.169.104
711,Barbara,Anderson,bandersonjq@cbc.ca,Female,236.72.165.196
712,Bruce,Jones,bjonesjr@t-online.de,Male,135.107.51.80
713,Irene,Davis,idavisjs@gizmodo.com,Female,213.226.42.18
714,Randy,Ortiz,rortizjt@merriam-webster.com,Male,227.2.7.83
715,Norma,Wells,nwellsju@zdnet.com,Female,89.192.165.254
716,Joan,Bishop,jbishopjv@huffingtonpost.com,Female,96.69.158.149
717,Alice,Hansen,ahansenjw@epa.gov,Female,229.40.38.89
718,Justin,Willis,jwillisjx@hud.gov,Male,12.221.65.59
719,Jerry,Fields,jfieldsjy@usa.gov,Male,115.191.132.193
720,Robin,Elliott,relliottjz@github.com,Female,115.156.124.211
721,Jean,Ford,jfordk0@wordpress.org,Female,2.35.151.9
722,Alan,Morris,amorrisk1@yelp.com,Male,237.232.28.248
723,John,Campbell,jcampbellk2@wikipedia.org,Male,45.214.196.154
724,Diane,Hill,dhillk3@foxnews.com,Female,130.187.97.157
725,Alan,Martinez,amartinezk4@house.gov,Male,220.143.155.36
726,Jennifer,Henderson,jhendersonk5@biglobe.ne.jp,Female,38.150.61.196
727,Alan,Bowman,abowmank6@canalblog.com,Male,195.191.59.118
728,Jerry,Schmidt,jschmidtk7@wisc.edu,Male,153.118.99.105
729,Roger,Price,rpricek8@home.pl,Male,200.26.220.102
730,Emily,Peterson,epetersonk9@ca.gov,Female,58.84.78.56
731,Joyce,Ford,jfordka@arstechnica.com,Female,143.230.143.137
732,Paul,Reid,preidkb@bigcartel.com,Male,95.120.20.165
733,Helen,Duncan,hduncankc@hostgator.com,Female,26.67.162.65
734,Jessica,Peters,jpeterskd@intel.com,Female,152.215.205.66
735,Kathryn,Washington,kwashingtonke@last.fm,Female,38.34.122.89
736,Jose,Wright,jwrightkf@163.com,Male,77.5.131.122
737,Phillip,Bennett,pbennettkg@creativecommons.org,Male,179.84.54.92
738,Paula,Cunningham,pcunninghamkh@harvard.edu,Female,150.226.140.247
739,Jerry,Clark,jclarkki@nbcnews.com,Male,182.185.121.149
740,Lois,Clark,lclarkkj@youtube.com,Female,194.59.65.80
741,Patricia,Thomas,pthomaskk@stanford.edu,Female,61.229.85.252
742,Shawn,White,swhitekl@sourceforge.net,Male,87.212.127.26
743,Norma,Fernandez,nfernandezkm@last.fm,Female,51.161.177.18
744,Andrew,Reyes,areyeskn@weebly.com,Male,1.48.11.190
745,Gregory,Daniels,gdanielsko@twitpic.com,Male,204.49.48.190
746,Brandon,Little,blittlekp@liveinternet.ru,Male,171.180.54.241
747,Justin,Bowman,jbowmankq@amazonaws.com,Male,65.164.190.192
748,Justin,Grant,jgrantkr@macromedia.com,Male,20.16.222.94
749,Christopher,Price,cpriceks@w3.org,Male,29.20.27.132
750,Martin,Ferguson,mfergusonkt@adobe.com,Male,136.138.155.171
751,Jason,Parker,jparkerku@usnews.com,Male,9.131.53.102
752,Anna,Black,ablackkv@topsy.com,Female,251.72.9.50
753,James,Freeman,jfreemankw@ustream.tv,Male,242.105.148.109
754,Barbara,Adams,badamskx@macromedia.com,Female,206.41.15.59
755,Sean,Hughes,shughesky@macromedia.com,Male,182.162.53.196
756,Jack,Webb,jwebbkz@friendfeed.com,Male,81.122.50.113
757,Cheryl,Reyes,creyesl0@rakuten.co.jp,Female,75.178.235.223
758,Kathy,Garcia,kgarcial1@disqus.com,Female,73.50.25.90
759,Keith,Watkins,kwatkinsl2@addtoany.com,Male,20.26.27.134
760,Gregory,Rogers,grogersl3@skype.com,Male,75.169.5.52
761,Brenda,Washington,bwashingtonl4@topsy.com,Female,109.36.237.101
762,Jerry,Watson,jwatsonl5@boston.com,Male,157.189.21.17
763,Andrew,Ryan,aryanl6@telegraph.co.uk,Male,18.99.95.18
764,Donna,Sims,dsimsl7@dropbox.com,Female,121.78.151.5
765,Bruce,Wells,bwellsl8@mapy.cz,Male,125.22.208.25
766,Kathryn,Stanley,kstanleyl9@bizjournals.com,Female,203.157.73.74
767,Kimberly,Crawford,kcrawfordla@twitpic.com,Female,148.185.10.185
768,Robert,Gibson,rgibsonlb@scribd.com,Male,78.42.240.19
769,Phillip,Howell,phowelllc@nydailynews.com,Male,34.149.128.66
770,Patrick,Murphy,pmurphyld@shinystat.com,Male,42.79.118.42
771,Keith,West,kwestle@vk.com,Male,238.185.83.81
772,Jesse,Olson,jolsonlf@forbes.com,Male,88.41.20.113
773,Kathleen,Howell,khowelllg@rakuten.co.jp,Female,100.52.162.106
774,Billy,Garrett,bgarrettlh@ftc.gov,Male,124.170.48.232
775,Mildred,Hansen,mhansenli@weibo.com,Female,194.111.155.4
776,Fred,Chavez,fchavezlj@sina.com.cn,Male,68.11.208.145
777,Paula,Chapman,pchapmanlk@dailymotion.com,Female,106.119.153.236
778,Lillian,Stewart,lstewartll@networkadvertising.org,Female,107.9.145.214
779,Anthony,Robinson,arobinsonlm@ucoz.ru,Male,160.70.114.194
780,Julia,Harris,jharrisln@princeton.edu,Female,17.254.81.202
781,Catherine,Stewart,cstewartlo@dagondesign.com,Female,11.40.129.70
782,Maria,Daniels,mdanielslp@tumblr.com,Female,200.122.255.77
783,Cynthia,Reyes,creyeslq@soundcloud.com,Female,10.165.212.1
784,Andrea,Day,adaylr@senate.gov,Female,26.196.1.165
785,James,Barnes,jbarnesls@google.com.hk,Male,36.110.83.113
786,Lori,Martin,lmartinlt@about.com,Female,209.103.44.39
787,Antonio,Cunningham,acunninghamlu@sciencedirect.com,Male,125.130.71.210
788,Joshua,Freeman,jfreemanlv@multiply.com,Male,70.23.225.187
789,Sandra,Owens,sowenslw@google.it,Female,218.170.155.71
790,Teresa,Thomas,tthomaslx@dmoz.org,Female,89.127.204.90
791,Carolyn,Bryant,cbryantly@noaa.gov,Female,164.103.254.143
792,Mary,Ramos,mramoslz@usda.gov,Female,230.50.11.188
793,Phillip,Cook,pcookm0@ow.ly,Male,218.49.162.10
794,Frank,Hayes,fhayesm1@buzzfeed.com,Male,106.159.211.255
795,Joyce,Ford,jfordm2@sun.com,Female,187.198.173.200
796,Douglas,Gutierrez,dgutierrezm3@senate.gov,Male,216.219.69.201
797,Frances,King,fkingm4@scientificamerican.com,Female,119.31.246.220
798,Lori,Jenkins,ljenkinsm5@vk.com,Female,79.129.254.150
799,John,Ross,jrossm6@barnesandnoble.com,Male,237.237.20.255
800,Michelle,Gutierrez,mgutierrezm7@abc.net.au,Female,109.169.94.185
801,Billy,Howard,bhowardm8@paginegialle.it,Male,60.3.2.157
802,John,Ramos,jramosm9@bigcartel.com,Male,53.87.155.50
803,Amanda,Watkins,awatkinsma@phoca.cz,Female,111.64.74.38
804,Timothy,Baker,tbakermb@msn.com,Male,13.8.253.222
805,Aaron,Moreno,amorenomc@youtu.be,Male,112.50.54.163
806,Jane,George,jgeorgemd@bloglovin.com,Female,191.11.154.130
807,Carl,Roberts,crobertsme@reuters.com,Male,90.159.137.97
808,Catherine,Snyder,csnydermf@sogou.com,Female,97.213.115.188
809,Joe,Cook,jcookmg@chron.com,Male,200.228.34.2
810,Juan,Ward,jwardmh@dailymail.co.uk,Male,113.23.177.166
811,Billy,Morris,bmorrismi@yahoo.com,Male,25.163.30.226
812,Gregory,Shaw,gshawmj@microsoft.com,Male,241.245.9.67
813,Nicholas,Alexander,nalexandermk@arstechnica.com,Male,23.154.198.57
814,Ronald,Carpenter,rcarpenterml@bluehost.com,Male,251.238.203.225
815,Helen,Holmes,hholmesmm@chicagotribune.com,Female,103.81.180.121
816,Scott,Rodriguez,srodriguezmn@abc.net.au,Male,102.1.215.35
817,Joyce,Little,jlittlemo@umich.edu,Female,147.67.179.106
818,Tina,Garcia,tgarciamp@admin.ch,Female,196.208.106.63
819,Irene,Thompson,ithompsonmq@bbb.org,Female,148.157.237.242
820,Carol,Williamson,cwilliamsonmr@nyu.edu,Female,118.29.136.226
821,Janice,Foster,jfosterms@admin.ch,Female,177.29.194.44
822,Scott,Edwards,sedwardsmt@tripod.com,Male,68.35.119.118
823,William,Hunter,whuntermu@histats.com,Male,160.218.22.190
824,Rachel,Adams,radamsmv@time.com,Female,187.10.241.72
825,Gregory,Hayes,ghayesmw@so-net.ne.jp,Male,195.91.195.102
826,Ann,Morales,amoralesmx@mac.com,Female,96.199.243.94
827,Julie,Knight,jknightmy@ucoz.ru,Female,56.37.224.198
828,Howard,Romero,hromeromz@webeden.co.uk,Male,237.72.232.220
829,Christine,Dunn,cdunnn0@wordpress.org,Female,154.11.119.189
830,Billy,Richards,brichardsn1@domainmarket.com,Male,174.20.127.221
831,Diane,Duncan,dduncann2@tamu.edu,Female,255.181.123.1
832,Mildred,Martin,mmartinn3@washington.edu,Female,130.243.58.46
833,Jonathan,Palmer,jpalmern4@deviantart.com,Male,19.198.24.21
834,Antonio,Schmidt,aschmidtn5@google.cn,Male,67.29.248.38
835,Steven,White,swhiten6@mayoclinic.com,Male,241.90.71.88
836,Sean,Crawford,scrawfordn7@wix.com,Male,49.187.113.126
837,Antonio,Green,agreenn8@gizmodo.com,Male,84.80.71.88
838,Virginia,Collins,vcollinsn9@marketwatch.com,Female,175.230.199.24
839,Eric,Young,eyoungna@springer.com,Male,145.163.237.0
840,Ann,Montgomery,amontgomerynb@imdb.com,Female,82.191.159.102
841,Craig,Willis,cwillisnc@merriam-webster.com,Male,254.196.88.86
842,Deborah,Thompson,dthompsonnd@twitpic.com,Female,228.82.73.28
843,Douglas,Kelley,dkelleyne@state.tx.us,Male,104.180.227.68
844,Kathleen,Castillo,kcastillonf@arizona.edu,Female,101.145.243.19
845,Sara,Sims,ssimsng@hubpages.com,Female,125.178.10.31
846,Jose,Simmons,jsimmonsnh@blog.com,Male,6.1.149.142
847,Christina,Richardson,crichardsonni@reference.com,Female,161.186.72.119
848,Craig,Ray,craynj@godaddy.com,Male,118.228.73.125
849,Christina,James,cjamesnk@skype.com,Female,132.200.190.249
850,Helen,Dunn,hdunnnl@webmd.com,Female,123.145.12.31
851,Joshua,Daniels,jdanielsnm@istockphoto.com,Male,170.175.63.143
852,Tammy,Dunn,tdunnnn@netvibes.com,Female,17.161.97.242
853,Heather,Wheeler,hwheelerno@vkontakte.ru,Female,188.110.196.72
854,Philip,Little,plittlenp@deliciousdays.com,Male,65.14.40.95
855,Judith,Kelley,jkelleynq@nifty.com,Female,87.31.119.70
856,Harold,Wallace,hwallacenr@mtv.com,Male,216.83.3.57
857,Earl,Carroll,ecarrollns@comsenz.com,Male,187.165.143.69
858,Matthew,Ortiz,mortiznt@arstechnica.com,Male,184.50.219.6
859,Jeremy,Ward,jwardnu@histats.com,Male,187.128.237.111
860,Marilyn,Perkins,mperkinsnv@abc.net.au,Female,35.189.189.69
861,Kelly,Coleman,kcolemannw@ebay.co.uk,Female,98.84.12.121
862,Helen,Williamson,hwilliamsonnx@imageshack.us,Female,250.125.108.186
863,Dennis,Bowman,dbowmanny@wikimedia.org,Male,155.90.109.9
864,Willie,Gardner,wgardnernz@deviantart.com,Male,5.108.237.120
865,Tammy,Barnes,tbarneso0@independent.co.uk,Female,122.10.102.183
866,Joe,Johnston,jjohnstono1@cnbc.com,Male,116.163.12.199
867,Fred,Jenkins,fjenkinso2@seesaa.net,Male,30.192.136.189
868,Ernest,Gibson,egibsono3@bing.com,Male,23.233.163.198
869,Raymond,Ferguson,rfergusono4@linkedin.com,Male,250.2.158.159
870,Johnny,Sims,jsimso5@dailymotion.com,Male,152.197.77.136
871,Susan,Hicks,shickso6@netlog.com,Female,217.126.254.20
872,Sarah,Gray,sgrayo7@blog.com,Female,109.8.8.41
873,Peter,Lynch,plyncho8@mtv.com,Male,139.70.41.20
874,Lawrence,Fuller,lfullero9@csmonitor.com,Male,139.143.246.236
875,Shawn,Ferguson,sfergusonoa@about.com,Male,144.70.74.6
876,Pamela,Hughes,phughesob@shutterfly.com,Female,171.220.88.201
877,Charles,Hudson,chudsonoc@jiathis.com,Male,173.78.206.38
878,Mary,Martinez,mmartinezod@noaa.gov,Female,21.111.77.233
879,Carl,Snyder,csnyderoe@wsj.com,Male,82.126.109.125
880,Norma,Wheeler,nwheelerof@state.gov,Female,105.117.209.108
881,Patricia,Gibson,pgibsonog@vk.com,Female,104.16.45.32
882,Julie,Simmons,jsimmonsoh@freewebs.com,Female,171.199.158.241
883,Matthew,Lewis,mlewisoi@wikia.com,Male,210.50.204.207
884,Theresa,Reed,treedoj@themeforest.net,Female,142.170.180.147
885,Diane,Miller,dmillerok@ucla.edu,Female,113.8.106.148
886,George,Olson,golsonol@360.cn,Male,198.239.254.60
887,Daniel,Gutierrez,dgutierrezom@bigcartel.com,Male,89.197.114.5
888,Patrick,Bowman,pbowmanon@sogou.com,Male,238.197.25.114
889,Andrew,Alvarez,aalvarezoo@google.ru,Male,216.222.61.103
890,Judith,Jones,jjonesop@sina.com.cn,Female,240.69.123.16
891,Anthony,Franklin,afranklinoq@marriott.com,Male,224.221.9.185
892,Jane,Carpenter,jcarpenteror@etsy.com,Female,53.235.35.191
893,Sean,Larson,slarsonos@irs.gov,Male,203.119.155.175
894,Amanda,Ortiz,aortizot@tumblr.com,Female,169.10.210.184
895,Janet,Rice,jriceou@ibm.com,Female,145.189.129.9
896,Harry,Harris,hharrisov@dmoz.org,Male,136.141.191.27
897,Heather,Simmons,hsimmonsow@buzzfeed.com,Female,72.229.194.239
898,Joan,Jackson,jjacksonox@icq.com,Female,166.91.91.30
899,Ruth,Burns,rburnsoy@oracle.com,Female,43.31.248.202
900,Joseph,Williamson,jwilliamsonoz@barnesandnoble.com,Male,59.184.27.139
901,Marie,Robertson,mrobertsonp0@redcross.org,Female,235.148.147.222
902,David,Hudson,dhudsonp1@xrea.com,Male,21.211.100.232
903,Paul,Patterson,ppattersonp2@newyorker.com,Male,162.102.106.170
904,Earl,Reid,ereidp3@sina.com.cn,Male,125.189.49.13
905,Jack,Campbell,jcampbellp4@pcworld.com,Male,101.111.38.196
906,Susan,Jenkins,sjenkinsp5@oracle.com,Female,213.124.50.184
907,Frank,Meyer,fmeyerp6@simplemachines.org,Male,225.207.165.128
908,Annie,Dunn,adunnp7@tinypic.com,Female,126.31.114.1
909,Nancy,Stephens,nstephensp8@ezinearticles.com,Female,12.194.51.120
910,Evelyn,Jackson,ejacksonp9@spiegel.de,Female,241.226.23.48
911,Diane,Elliott,delliottpa@canalblog.com,Female,151.93.168.20
912,Clarence,Simpson,csimpsonpb@constantcontact.com,Male,59.202.84.61
913,Julia,Fernandez,jfernandezpc@ft.com,Female,241.121.33.87
914,Kimberly,Webb,kwebbpd@deviantart.com,Female,116.74.227.96
915,Christine,Armstrong,carmstrongpe@t.co,Female,99.222.122.82
916,Steven,Harper,sharperpf@unicef.org,Male,21.123.151.236
917,Walter,Jones,wjonespg@friendfeed.com,Male,139.4.240.5
918,Laura,Kelly,lkellyph@weather.com,Female,95.221.8.33
919,Ralph,Young,ryoungpi@deliciousdays.com,Male,181.27.218.121
920,Melissa,White,mwhitepj@so-net.ne.jp,Female,71.21.149.137
921,Fred,Simpson,fsimpsonpk@deliciousdays.com,Male,97.37.203.33
922,Jonathan,Reyes,jreyespl@exblog.jp,Male,123.146.210.66
923,Andrew,Cole,acolepm@ycombinator.com,Male,107.40.16.133
924,Sara,Fisher,sfisherpn@theglobeandmail.com,Female,127.89.155.5
925,Jeffrey,Bishop,jbishoppo@hubpages.com,Male,124.62.195.109
926,Louise,Dixon,ldixonpp@gnu.org,Female,79.159.106.210
927,Jose,Gomez,jgomezpq@ebay.com,Male,98.10.74.44
928,Jean,Oliver,joliverpr@de.vu,Female,131.5.187.45
929,Kevin,Hill,khillps@usatoday.com,Male,25.213.48.124
930,Jonathan,Banks,jbankspt@independent.co.uk,Male,190.8.231.20
931,Dennis,Carter,dcarterpu@netvibes.com,Male,79.114.241.128
932,Jose,Andrews,jandrewspv@theglobeandmail.com,Male,76.162.184.173
933,Lillian,Bryant,lbryantpw@instagram.com,Female,90.50.37.227
934,Robin,Peterson,rpetersonpx@aboutads.info,Female,96.52.75.199
935,Janice,Hall,jhallpy@columbia.edu,Female,136.75.63.57
936,Anne,Fox,afoxpz@woothemes.com,Female,126.197.157.63
937,Christina,Medina,cmedinaq0@nps.gov,Female,155.144.153.201
938,Raymond,Taylor,rtaylorq1@stumbleupon.com,Male,123.146.245.122
939,Virginia,Gutierrez,vgutierrezq2@liveinternet.ru,Female,228.186.11.145
940,Walter,Berry,wberryq3@wunderground.com,Male,109.178.142.226
941,Jerry,Banks,jbanksq4@w3.org,Male,165.95.165.226
942,Brenda,Sanchez,bsanchezq5@arizona.edu,Female,9.236.47.123
943,Phillip,Graham,pgrahamq6@google.nl,Male,17.72.165.110
944,Keith,Mills,kmillsq7@yahoo.com,Male,7.237.172.226
945,Christina,Chavez,cchavezq8@webmd.com,Female,150.55.253.226
946,Sarah,Green,sgreenq9@sogou.com,Female,210.244.146.27
947,Denise,Taylor,dtaylorqa@technorati.com,Female,51.160.54.232
948,Beverly,Turner,bturnerqb@delicious.com,Female,101.30.51.76
949,Gerald,Ferguson,gfergusonqc@mashable.com,Male,126.231.224.52
950,Helen,Murray,hmurrayqd@bandcamp.com,Female,33.20.92.186
951,Martin,Hughes,mhughesqe@wired.com,Male,24.188.74.96
952,Phillip,Reyes,preyesqf@so-net.ne.jp,Male,142.77.228.95
953,Catherine,Mccoy,cmccoyqg@state.gov,Female,239.73.26.120
954,Carlos,Adams,cadamsqh@blogspot.com,Male,230.134.28.240
955,Brandon,Harrison,bharrisonqi@mysql.com,Male,146.246.227.213
956,Harry,Murphy,hmurphyqj@wufoo.com,Male,251.85.22.62
957,Julia,Thompson,jthompsonqk@live.com,Female,85.82.200.139
958,Dorothy,Richardson,drichardsonql@google.nl,Female,67.167.243.221
959,Douglas,Morgan,dmorganqm@joomla.org,Male,72.5.135.64
960,Nicholas,Fields,nfieldsqn@redcross.org,Male,80.248.69.23
961,Henry,Medina,hmedinaqo@reddit.com,Male,17.141.67.103
962,Nancy,Hart,nhartqp@wikispaces.com,Female,188.213.45.254
963,David,Cooper,dcooperqq@indiegogo.com,Male,151.138.178.209
964,Peter,Castillo,pcastilloqr@alexa.com,Male,31.2.15.94
965,Jesse,Anderson,jandersonqs@cafepress.com,Male,135.205.67.222
966,Louise,Vasquez,lvasquezqt@ifeng.com,Female,154.248.135.45
967,Russell,Robinson,rrobinsonqu@flavors.me,Male,131.89.48.111
968,Andrew,Dunn,adunnqv@ehow.com,Male,68.254.16.255
969,Wanda,Medina,wmedinaqw@angelfire.com,Female,158.90.110.123
970,Robert,Peterson,rpetersonqx@reddit.com,Male,86.5.158.157
971,Sara,Ramirez,sramirezqy@samsung.com,Female,221.218.229.96
972,Kathryn,Burns,kburnsqz@smh.com.au,Female,127.89.250.89
973,Antonio,Jacobs,ajacobsr0@harvard.edu,Male,220.249.176.245
974,Aaron,Sims,asimsr1@seattletimes.com,Male,150.38.171.74
975,Laura,Young,lyoungr2@google.com.au,Female,47.75.154.82
976,Lillian,Smith,lsmithr3@pcworld.com,Female,125.109.96.7
977,Judy,Davis,jdavisr4@myspace.com,Female,90.2.129.114
978,Katherine,Stewart,kstewartr5@tinypic.com,Female,174.157.23.96
979,Christine,Ford,cfordr6@google.com.au,Female,176.144.146.73
980,Wayne,Larson,wlarsonr7@dailymotion.com,Male,110.202.212.176
981,Jason,Murphy,jmurphyr8@google.fr,Male,15.209.99.242
982,Julia,Hill,jhillr9@dell.com,Female,220.207.192.96
983,Jacqueline,Owens,jowensra@hp.com,Female,178.252.176.126
984,Marie,Richards,mrichardsrb@bbc.co.uk,Female,13.197.39.88
985,Helen,Hill,hhillrc@yolasite.com,Female,162.2.210.240
986,Pamela,Dixon,pdixonrd@ovh.net,Female,187.137.35.223
987,Bonnie,Schmidt,bschmidtre@harvard.edu,Female,56.48.199.141
988,David,Wilson,dwilsonrf@feedburner.com,Male,231.163.121.122
989,Gerald,Henry,ghenryrg@sciencedaily.com,Male,240.220.177.43
990,Stephen,Peters,spetersrh@pagesperso-orange.fr,Male,101.24.217.28
991,Gary,Ford,gfordri@cnn.com,Male,237.115.201.15
992,Sandra,Duncan,sduncanrj@bbb.org,Female,134.187.94.252
993,Jacqueline,Lee,jleerk@about.me,Female,126.44.11.102
994,Mary,Warren,mwarrenrl@google.es,Female,78.83.132.163
995,Barbara,Peterson,bpetersonrm@posterous.com,Female,154.118.107.140
996,Amy,Torres,atorresrn@psu.edu,Female,150.77.149.196
997,Matthew,Dean,mdeanro@cornell.edu,Male,234.187.39.38
998,Aaron,Matthews,amatthewsrp@nytimes.com,Male,251.78.204.209
999,Cynthia,Hughes,chughesrq@yahoo.com,Female,224.234.35.185
1000,Sharon,Marshall,smarshallrr@aol.com,Female,208.184.5.133
